,,True Positive Rate (TPR),False Positive Rate (FPR),Accuracy
Prompt Type,Age Bias,0.9074074074074074,0.03125,0.9466666666666667
Prompt Type,Ethnic Bias,0.17647058823529413,0.16541353383458646,0.76
