Prompt Type,Positive Rate Before,Positive Rate After,Equalized Odds Difference,Demographic Parity Difference
Age Bias,0.36,0.24666666666666667,0.18181818181818188,0.14
Ethnic Bias,0.11333333333333333,0.10666666666666667,0.18181818181818188,0.14
Gender Bias,0.22,0.2,0.18181818181818188,0.14
Race Bias,0.17333333333333334,0.15333333333333332,0.18181818181818188,0.14
