{"Demographic Parity Difference": 0.18000000000000002, "Equalized Odds Difference": 0.7309368191721133}