Threshold,Accuracy
0.4,0.11347517730496454
0.5,0.10852713178294573
0.6,0.2
